{
  "ES.AN": [-4.690827, 37.541081],
  "ES.AR": [-0.859454, 41.604020],
  "ES.CB": [-4.2815817,43.136029],
  "ES.CL": [-4.331799, 41.854654],
  "ES.CM": [-3.08854, 39.277890],
  "ES.CT": [1.556868, 41.589275],
  "ES.CE": [-5.3360783,35.8890899],
  "ES.MD": [-3.8199631,40.4381307],
  "ES.NA": [-1.652740, 42.702581],
  "ES.VC": [-0.69798, 39.461898],
  "ES.EX": [-6.2184556,39.2105687],
  "ES.GA": [-8.047432, 42.655886],
  "ES.PM": [2.1807164,39.3671923],
  "ES.CN": [-16.9771889,28.4422635],
  "ES.LO": [-2.503733, 42.295550],
  "ES.PV": [-2.593172, 42.995512],
  "ES.AS": [-6.4083301,43.274163],
  "ES.MU": [-1.24698, 38.010201],
  "ES.ME": [-2.962079,35.2863161]
}
